{
  "project_info": {
    "project_number": "774189956744",
    "firebase_url": "https://assignment-4-10535.firebaseio.com",
    "project_id": "assignment-4-10535",
    "storage_bucket": "assignment-4-10535.appspot.com"
  },
  "client": [
    {
      "client_info": {
        "mobilesdk_app_id": "1:774189956744:android:0944cdebe3e25134",
        "android_client_info": {
          "package_name": "teamvelociraptor.assignment4"
        }
      },
      "oauth_client": [
        {
          "client_id": "774189956744-rqqa2s3orl0e0b5sctd2ojihjileuuur.apps.googleusercontent.com",
          "client_type": 1,
          "android_info": {
            "package_name": "teamvelociraptor.assignment4",
            "certificate_hash": "c3ed5731f54c46e3e69f05e5623f49c7a16a7f93"
          }
        },
        {
          "client_id": "774189956744-v1f86n4koc0fba329fvmhvo1uhgodh5r.apps.googleusercontent.com",
          "client_type": 1,
          "android_info": {
            "package_name": "teamvelociraptor.assignment4",
            "certificate_hash": "e2524cd019ee392e010d3b776feb9faf77d663b1"
          }
        },
        {
          "client_id": "774189956744-kq1pcr2s4klq4gk7di0qc3ijfcjnu8cu.apps.googleusercontent.com",
          "client_type": 1,
          "android_info": {
            "package_name": "teamvelociraptor.assignment4",
            "certificate_hash": "164d3c809b9105a1855fe9748ea7ee5ae597ca44"
          }
        },
        {
          "client_id": "774189956744-o9nksv6g7cvm23c37qh628p1v1pptpmk.apps.googleusercontent.com",
          "client_type": 1,
          "android_info": {
            "package_name": "teamvelociraptor.assignment4",
            "certificate_hash": "feac54ab7ad67bfa6ccf4896c3c3a93d7eb112db"
          }
        },
        {
          "client_id": "774189956744-68kq6ab4o9g0tgka8lffsn7a1upatlrt.apps.googleusercontent.com",
          "client_type": 1,
          "android_info": {
            "package_name": "teamvelociraptor.assignment4",
            "certificate_hash": "2f796e63bf92b9e759aa5a973b65b0f25f651e70"
          }
        },
        {
          "client_id": "774189956744-qgkbn4penhajt350r5dusbiff1pf9inf.apps.googleusercontent.com",
          "client_type": 3
        }
      ],
      "api_key": [
        {
          "current_key": "AIzaSyCbHk79FeIFz35IB8MPqm8KNjoyv29EZ40"
        }
      ],
      "services": {
        "analytics_service": {
          "status": 1
        },
        "appinvite_service": {
          "status": 2,
          "other_platform_oauth_client": [
            {
              "client_id": "774189956744-qgkbn4penhajt350r5dusbiff1pf9inf.apps.googleusercontent.com",
              "client_type": 3
            }
          ]
        },
        "ads_service": {
          "status": 2
        }
      }
    }
  ],
  "configuration_version": "1"
}